personid,post,performance,age,tenure,grosswage,children,bedroom,commute,men,married,wfh
3906,0,.084573008,33,96,2.7375467,1,yes,180,0,1,1
3906,1,.28289628,33,96,2.7375467,1,yes,180,0,1,1
4122,0,.00044988259,30,94,4.0962458,0,no,180,0,0,1
4122,1,.73823762,30,94,4.0962458,0,no,180,0,0,1
4942,0,.91850978,27,82,5.2953954,0,yes,160,0,1,1
4942,1,-.25370544,27,82,5.2953954,0,yes,160,0,1,1
5018,0,-.37744349,29,82,1.3875899,1,yes,240,0,1,1
5018,1,-.60636842,29,82,1.3875899,1,yes,240,0,1,1
5560,0,.91354454,29,79,4.420188,1,yes,50,1,1,0
5560,1,1.3322728,29,79,4.420188,1,yes,50,1,1,0
5614,0,.36998031,32,79,3.8260088,0,yes,80,1,1,1
5614,1,.42784104,32,79,3.8260088,0,yes,80,1,1,1
5784,0,-1.8467853,31,78,2.9404178,0,yes,160,0,0,0
5784,1,-2.081949,31,78,2.9404178,0,yes,160,0,0,0
6162,0,.5602625,31,77,3.8107321,0,yes,120,0,0,0
6162,1,.74584556,31,77,3.8107321,0,yes,120,0,0,0
6300,0,.29836714,33,76,3.3604422,0,yes,80,1,0,0
6300,1,-1.1805261,33,76,3.3604422,0,yes,80,1,0,0
6342,0,-.023077782,30,76,3.923372,1,yes,120,0,1,0
6342,1,-.44975623,30,76,3.923372,1,yes,120,0,1,0
6344,0,.42475712,27,76,4.5168571,1,yes,120,0,1,0
6344,1,1.4397861,27,76,4.5168571,1,yes,120,0,1,0
7132,0,-.19435909,22,72,3.6314757,0,yes,50,0,0,0
7132,1,-.40577629,22,72,3.6314757,0,yes,50,0,0,0
7184,0,1.5682608,27,71,4.2302675,0,yes,120,0,1,0
7184,1,1.0918878,27,71,4.2302675,0,yes,120,0,1,0
7454,0,-.22397614,24,70,2.0513732,0,yes,85,0,1,0
7454,1,-.47617832,24,70,2.0513732,0,yes,85,0,1,0
7488,0,.45098305,25,70,3.0722089,0,yes,240,0,0,1
7488,1,1.2493356,25,70,3.0722089,0,yes,240,0,0,1
8854,0,.65077931,22,66,4.2592611,0,yes,60,0,0,1
8854,1,.96376872,22,66,4.2592611,0,yes,60,0,0,1
8980,0,-.031765454,25,65,1.9734234,0,yes,120,0,0,1
8980,1,-1.132902,25,65,1.9734234,0,yes,120,0,0,1
9070,0,.82980877,23,66,4.0421543,0,yes,60,0,0,0
9070,1,1.1879385,23,66,4.0421543,0,yes,60,0,0,0
9106,0,-1.3841063,23,25,3.6806667,0,yes,20,0,0,0
9106,1,-1.3755672,23,25,3.6806667,0,yes,20,0,0,0
9460,0,1.2603998,23,65,5.8756423,0,yes,40,0,0,0
9460,1,.41981685,23,65,5.8756423,0,yes,40,0,0,0
10024,0,.37736371,26,63,3.3279943,1,yes,230,0,1,0
10024,1,.45094585,26,63,3.3279943,1,yes,230,0,1,0
10226,0,-.25819916,22,62,3.3343222,0,no,60,0,0,1
10226,1,-.18998504,22,62,3.3343222,0,no,60,0,0,1
10356,0,.2486563,27,62,3.7967179,0,yes,60,1,0,1
10356,1,.16630831,27,62,3.7967179,0,yes,60,1,0,1
10450,0,-1.1108553,27,61,4.5207467,0,yes,180,0,0,0
10450,1,-1.6787047,27,61,4.5207467,0,yes,180,0,0,0
10794,0,1.0376455,32,60,4.1691942,1,yes,120,0,1,1
10794,1,1.1161209,32,60,4.1691942,1,yes,120,0,1,1
10822,0,.60906583,26,60,2.9962699,0,yes,70,0,1,1
10822,1,1.2743901,26,60,2.9962699,0,yes,70,0,1,1
10868,0,-2.2348683,30,60,1.4717622,1,yes,130,0,1,0
10868,1,-.59338403,30,60,1.4717622,1,yes,130,0,1,0
11362,0,.45027253,27,59,3.9455733,1,yes,180,0,1,0
11362,1,-.61242259,27,59,3.9455733,1,yes,180,0,1,0
11582,0,-.41945389,22,58,3.71543,0,yes,50,0,0,0
11582,1,-.83969444,22,58,3.71543,0,yes,50,0,0,0
11814,0,.99927545,24,58,5.9308381,0,yes,50,0,0,0
11814,1,.86835694,24,58,5.9308381,0,yes,50,0,0,0
11868,0,.15984595,30,57,2.7679133,0,yes,120,1,0,1
11868,1,-.46452656,30,57,2.7679133,0,yes,120,1,0,1
11896,0,1.0814639,29,57,3.5289278,1,yes,120,1,1,0
11896,1,-1.4574376,29,57,3.5289278,1,yes,120,1,1,0
12150,0,-.084294781,33,57,2.9225345,1,yes,150,0,1,0
12150,1,-1.9067485,33,57,2.9225345,1,yes,150,0,1,0
12350,0,.9387157,29,56,4.3548565,1,yes,180,1,1,0
12350,1,.69662958,29,56,4.3548565,1,yes,180,1,1,0
12974,0,.046489317,22,54,3.8363302,0,yes,20,0,0,1
12974,1,.39157498,22,54,3.8363302,0,yes,20,0,0,1
13056,0,-1.8717821,28,54,2.136348,0,yes,60,1,0,0
13056,1,-1.0477072,28,54,2.136348,0,yes,60,1,0,0
13118,0,-.69761181,22,54,2.8010588,0,yes,125,1,0,0
13118,1,-1.7530164,22,54,2.8010588,0,yes,125,1,0,0
13484,0,-.16431208,25,53,2.7452157,0,yes,90,0,0,0
13484,1,-1.4217312,25,53,2.7452157,0,yes,90,0,0,0
13486,0,-2.3465269,23,53,2.3599699,0,yes,10,1,0,0
13486,1,-2.1783602,23,53,2.3599699,0,yes,10,1,0,0
13530,0,-.211109,29,53,2.9978867,0,yes,100,1,0,1
13530,1,-.047276225,29,53,2.9978867,0,yes,100,1,0,1
13574,0,1.4744812,30,53,4.1970549,1,yes,190,1,1,1
13574,1,2.205483,30,53,4.1970549,1,yes,190,1,1,1
14048,0,.59494865,28,51,3.6995213,1,yes,180,0,1,1
14048,1,.29285932,28,51,3.6995213,1,yes,180,0,1,1
14266,0,.1682355,26,51,3.0967278,0,yes,60,0,1,0
14266,1,-.29927182,26,51,3.0967278,0,yes,60,0,1,0
14522,0,-.96803975,29,50,3.4024889,0,yes,40,1,0,1
14522,1,-.77942199,29,50,3.4024889,0,yes,40,1,0,1
14528,0,.24274956,28,50,2.6626198,1,yes,65,0,1,1
14528,1,.76418632,28,50,2.6626198,1,yes,65,0,1,1
14532,0,.25117934,26,50,2.9423811,0,yes,120,0,0,1
14532,1,.53640419,26,50,2.9423811,0,yes,120,0,0,1
14678,0,-1.0820868,26,50,3.7973533,0,yes,60,1,1,1
14678,1,.14900902,26,50,3.7973533,0,yes,60,1,1,1
14682,0,-.76727194,23,50,3.9770288,0,yes,80,1,0,0
14682,1,-.68861347,23,50,3.9770288,0,yes,80,1,0,0
14724,0,1.8759282,24,50,5.9590802,0,yes,30,1,0,0
14724,1,1.0039923,24,50,5.9590802,0,yes,30,1,0,0
14926,0,.967318,28,50,4.9257622,0,yes,20,1,0,0
14926,1,.63863313,28,50,4.9257622,0,yes,20,1,0,0
15294,0,.57131052,25,49,3.7159467,0,yes,80,0,0,1
15294,1,1.085644,25,49,3.7159467,0,yes,80,0,0,1
15452,0,-.098787718,26,49,2.6629901,0,yes,30,1,0,0
15452,1,.14185564,26,49,2.6629901,0,yes,30,1,0,0
15704,0,-.31261006,27,48,2.8402689,0,yes,150,0,1,0
15704,1,-.071489662,27,48,2.8402689,0,yes,150,0,1,0
15862,0,-1.200807,26,48,3.8316634,0,yes,80,0,0,0
15862,1,-1.2787908,26,48,3.8316634,0,yes,80,0,0,0
16104,0,-.54745781,28,44.5,3.7076747,0,yes,120,1,1,0
16104,1,-1.6448456,28,44.5,3.7076747,0,yes,120,1,1,0
16514,0,-.23630759,28,47,2.3920667,0,yes,70,1,0,1
16514,1,.11748827,28,47,2.3920667,0,yes,70,1,0,1
16518,0,1.2951542,27,47,3.2689991,0,yes,180,1,0,0
16518,1,-.59215391,27,47,3.2689991,0,yes,180,1,0,0
16596,0,1.1186299,34,47,4.7260346,1,yes,40,1,1,1
16596,1,.66911739,34,47,4.7260346,1,yes,40,1,1,1
16654,0,-.28463697,29,47,2.6660111,1,yes,90,0,1,0
16654,1,-.53165746,29,47,2.6660111,1,yes,90,0,1,0
16806,0,-.83374941,28,46,2.4147966,1,yes,120,1,1,0
16806,1,-1.5009439,28,46,2.4147966,1,yes,120,1,1,0
16812,0,-.31947276,24,46,3.0640123,0,yes,80,0,0,0
16812,1,-.12155089,24,46,3.0640123,0,yes,80,0,0,0
17014,0,.10700614,27,46,4.1354113,0,yes,120,1,0,0
17014,1,-1.5698314,27,46,4.1354113,0,yes,120,1,0,0
17166,0,.0047287717,27,46,4.1173334,0,yes,180,0,0,0
17166,1,.27238262,27,46,4.1173334,0,yes,180,0,0,0
17274,0,.4577381,26,46,3.1348279,1,yes,120,0,1,0
17274,1,-.13202278,26,46,3.1348279,1,yes,120,0,1,0
17386,0,-.97297597,23,45,2.3342412,1,yes,120,0,1,0
17386,1,-1.2060754,23,45,2.3342412,1,yes,120,0,1,0
17668,0,-1.0365653,23,45,3.9913411,0,yes,40,0,0,0
17668,1,-1.31467,23,45,3.9913411,0,yes,40,0,0,0
17714,0,-.11233142,29,45,2.8260889,1,yes,40,0,1,0
17714,1,-.95325071,29,45,2.8260889,1,yes,40,0,1,0
17722,0,-1.0573406,24,45,4.1951799,0,yes,120,1,0,1
17722,1,-1.2853856,24,45,4.1951799,0,yes,120,1,0,1
17752,0,.4628152,25,45,3.5489633,0,yes,60,1,0,1
17752,1,.35670224,25,45,3.5489633,0,yes,60,1,0,1
17906,0,-.78147089,27,45,2.5038145,0,yes,210,0,1,1
17906,1,.26825309,27,45,2.5038145,0,yes,210,0,1,1
17908,0,-1.3649949,27,45,3.1488588,1,yes,105,1,1,0
17908,1,-1.4310712,27,45,3.1488588,1,yes,105,1,1,0
17926,0,.39307117,25,45,4.0380645,0,yes,20,0,0,0
17926,1,-.56885934,25,45,4.0380645,0,yes,20,0,0,0
18112,0,-.061767481,27,44,2.7862556,0,yes,120,0,0,1
18112,1,.38036275,27,44,2.7862556,0,yes,120,0,0,1
18634,0,.14837559,23,43,3.4158845,0,yes,120,0,0,0
18634,1,.10863324,23,43,3.4158845,0,yes,120,0,0,0
18776,0,1.0395719,22,43,4.1839623,0,yes,60,1,0,0
18776,1,1.5154481,22,43,4.1839623,0,yes,60,1,0,0
18786,0,-.34898311,27,43,2.2973602,0,yes,90,0,1,0
18786,1,-.73010838,27,43,2.2973602,0,yes,90,0,1,0
19012,0,-.010320373,27,43,1.8491844,1,yes,90,0,1,0
19012,1,-.47128451,27,43,1.8491844,1,yes,90,0,1,0
19028,0,.92267793,23,43,3.5295444,0,yes,120,0,0,0
19028,1,.34989443,23,43,3.5295444,0,yes,120,0,0,0
19140,0,-.026746901,23,42,3.1589513,0,yes,30,0,0,0
19140,1,.80873179,23,42,3.1589513,0,yes,30,0,0,0
19144,0,.5226723,20,42,3.8351867,0,yes,30,0,0,0
19144,1,-1.0510818,20,42,3.8351867,0,yes,30,0,0,0
19146,0,.64487404,21,42,3.3134155,0,yes,80,0,0,0
19146,1,-.42737731,21,42,3.3134155,0,yes,80,0,0,0
19266,0,.79221594,22,42,4.0709419,0,yes,65,1,0,0
19266,1,.81296253,22,42,4.0709419,0,yes,65,1,0,0
19482,0,-.071804918,23,42,2.7133322,0,yes,180,1,0,1
19482,1,-.95363635,23,42,2.7133322,0,yes,180,1,0,1
20386,0,.43444785,26,39,2.953568,0,yes,70,0,1,0
20386,1,-.73579013,26,39,2.953568,0,yes,70,0,1,0
21068,0,1.1596433,25,38,3.7650187,0,yes,60,0,0,0
21068,1,.74477136,25,38,3.7650187,0,yes,60,0,0,0
21126,0,-.53353733,25,38,2.4348133,0,yes,120,0,0,0
21126,1,-1.3837925,25,38,2.4348133,0,yes,120,0,0,0
21142,0,-.29963693,25,38,3.663141,0,yes,130,0,1,0
21142,1,-1.6465424,25,38,3.663141,0,yes,130,0,1,0
21472,0,.38777176,24,37,2.5875034,0,yes,70,0,0,0
21472,1,-.77152473,24,37,2.5875034,0,yes,70,0,0,0
21474,0,-.26747805,25,37,2.7566977,0,yes,100,1,0,0
21474,1,-.36275116,25,37,2.7566977,0,yes,100,1,0,0
21614,0,-.28268334,25,37,2.9098122,0,yes,110,0,0,0
21614,1,-.64923447,25,37,2.9098122,0,yes,110,0,0,0
21622,0,.082909234,25,37,3.3491721,0,yes,30,0,1,0
21622,1,-.3565692,25,37,3.3491721,0,yes,30,0,1,0
21654,0,.62046653,29,37,4.1014285,0,yes,80,0,0,1
21654,1,.85732853,29,37,4.1014285,0,yes,80,0,0,1
21710,0,-.46703142,30,37,2.6169801,0,yes,90,1,1,1
21710,1,-.7477656,30,37,2.6169801,0,yes,90,1,1,1
21746,0,.043703545,21,37,2.8369355,0,yes,90,0,0,0
21746,1,-.3193579,21,37,2.8369355,0,yes,90,0,0,0
22130,0,-.86473614,25,36,2.5165932,0,yes,80,0,0,0
22130,1,-1.5486679,25,36,2.5165932,0,yes,80,0,0,0
22140,0,-1.1721945,25,36,3.8671577,0,yes,40,0,1,0
22140,1,-1.3623704,25,36,3.8671577,0,yes,40,0,1,0
22284,0,.62982976,21,36,3.4786634,1,yes,45,0,1,1
22284,1,.50563526,21,36,3.4786634,1,yes,45,0,1,1
22290,0,-.39368215,26,36,2.72949,1,yes,80,1,1,0
22290,1,-.42184621,26,36,2.72949,1,yes,80,1,1,0
22456,0,.34570426,21,36,3.5803354,0,yes,60,0,0,0
22456,1,-.60372698,21,36,3.5803354,0,yes,60,0,0,0
22706,0,.44474384,26,36,3.2608311,0,yes,60,0,1,0
22706,1,.56267262,26,36,3.2608311,0,yes,60,0,1,0
22878,0,-.46901467,27,35,2.5484579,0,yes,120,0,0,0
22878,1,-.2709654,27,35,2.5484579,0,yes,120,0,0,0
23136,0,.12801115,22,35,3.1753633,0,yes,60,1,0,1
23136,1,-.17407422,22,35,3.1753633,0,yes,60,1,0,1
23228,0,.87539351,23,35,3.9816256,0,yes,40,0,1,1
23228,1,1.2161572,23,35,3.9816256,0,yes,40,0,1,1
23516,0,-.21368292,24,35,3.3576355,0,yes,60,0,0,0
23516,1,-.29124084,24,35,3.3576355,0,yes,60,0,0,0
23622,0,1.3078856,25,35,4.1304722,0,yes,120,1,0,1
23622,1,1.5713433,25,35,4.1304722,0,yes,120,1,0,1
23686,0,-.39887717,20,35,2.8571634,0,yes,180,1,0,0
23686,1,-.24620004,20,35,2.8571634,0,yes,180,1,0,0
23772,0,-.40484375,21,35,3.6291912,0,yes,40,1,0,1
23772,1,-.042336151,21,35,3.6291912,0,yes,40,1,0,1
24142,0,1.1921102,29,34,4.9450345,0,yes,180,0,0,1
24142,1,1.4030797,29,34,4.9450345,0,yes,180,0,0,1
24322,0,-1.4208547,23,34,3.5393789,0,yes,30,1,0,0
24322,1,-1.251853,23,34,3.5393789,0,yes,30,1,0,0
24324,0,-.27646011,23,34,2.5267766,0,yes,35,1,0,1
24324,1,-1.286516,23,34,2.5267766,0,yes,35,1,0,1
24328,0,.32074082,24,34,3.0627234,0,yes,40,0,0,0
24328,1,-.5966565,24,34,3.0627234,0,yes,40,0,0,0
24340,0,.44810531,23,34,3.5642712,0,yes,40,0,0,0
24340,1,-1.2415035,23,34,3.5642712,0,yes,40,0,0,0
24608,0,-.62254584,34,34,3.8289921,1,yes,20,0,1,1
24608,1,-.32827559,34,34,3.8289921,1,yes,20,0,1,1
25074,0,.35808685,21,33,3.7054734,0,yes,30,0,0,0
25074,1,-1.2272005,21,33,3.7054734,0,yes,30,0,0,0
25084,0,-1.7056861,24,33,2.0531211,0,yes,90,1,0,0
25084,1,-1.6563666,24,33,2.0531211,0,yes,90,1,0,0
25094,0,-.40017989,25,33,3.0681798,0,yes,140,0,0,0
25094,1,-.24372138,25,33,3.0681798,0,yes,140,0,0,0
25520,0,-.76568514,24,32,3.6391969,0,yes,60,1,0,1
25520,1,-.7363379,24,32,3.6391969,0,yes,60,1,0,1
25532,0,-.44592518,25,32,3.3970912,0,yes,180,1,0,1
25532,1,-.34203726,25,32,3.3970912,0,yes,180,1,0,1
25620,0,-.56090474,23,32,2.8754656,0,yes,90,1,0,0
25620,1,-1.0874932,23,32,2.8754656,0,yes,90,1,0,0
25622,0,.062071014,20,32,2.8584857,0,yes,80,0,0,0
25622,1,-.24733199,20,32,2.8584857,0,yes,80,0,0,0
25628,0,.70293033,24,32,3.0696712,0,yes,120,0,0,1
25628,1,.98725742,24,32,3.0696712,0,yes,120,0,0,1
25638,0,.044456609,26,32,2.7953246,0,yes,120,0,0,1
25638,1,-.11875881,26,32,2.7953246,0,yes,120,0,0,1
25700,0,-.7591874,27,32,3.1886568,0,yes,30,1,0,1
25700,1,-.7827912,27,32,3.1886568,0,yes,30,1,0,1
25940,0,.52405357,24,31,3.5226889,0,yes,100,0,1,1
25940,1,-.68818724,24,31,3.5226889,0,yes,100,0,1,1
25962,0,-.23957241,24,31,3.6365478,1,yes,80,1,1,1
25962,1,-.32238331,24,31,3.6365478,1,yes,80,1,1,1
26328,0,-1.2317928,22,31,3.6299655,0,no,30,1,0,1
26328,1,-1.045475,22,31,3.6299655,0,no,30,1,0,1
26618,0,-.78081286,24,30,3.6763389,0,yes,40,1,0,1
26618,1,-1.0995302,24,30,3.6763389,0,yes,40,1,0,1
26934,0,.34132719,24,30,3.4246302,0,yes,120,0,0,1
26934,1,.75511724,24,30,3.4246302,0,yes,120,0,0,1
27180,0,.79352915,23,29,3.6185167,0,yes,80,0,1,0
27180,1,-.19891565,23,29,3.6185167,0,yes,80,0,1,0
27234,0,1.1949934,24,29,3.5235732,0,yes,60,1,0,0
27234,1,.86512506,24,29,3.5235732,0,yes,60,1,0,0
27540,0,-1.50455,27,29,3.0060413,0,yes,90,0,0,0
27540,1,-1.3426915,27,29,3.0060413,0,yes,90,0,0,0
27772,0,-.24208914,24,28,3.3379233,0,yes,100,0,0,0
27772,1,.89784259,24,28,3.3379233,0,yes,100,0,0,0
27844,0,-1.1490374,25,28,4.1549602,0,yes,30,0,0,0
27844,1,-1.3579067,25,28,4.1549602,0,yes,30,0,0,0
28204,0,.44121015,22,27,2.4714944,0,yes,180,1,0,0
28204,1,-.55526429,22,27,2.4714944,0,yes,180,1,0,0
28226,0,-.97182977,23,27,2.3416898,0,yes,120,1,0,1
28226,1,-.85774118,23,27,2.3416898,0,yes,120,1,0,1
28470,0,-.55329293,24,27,3.0680244,0,yes,60,1,0,1
28470,1,.4146339,24,27,3.0680244,0,yes,60,1,0,1
28492,0,-.92371774,24,27,4.2266932,0,yes,40,0,0,1
28492,1,-1.1527623,24,27,4.2266932,0,yes,40,0,0,1
28528,0,.81558359,27,27,4.6637621,1,yes,30,0,1,0
28528,1,.49685588,27,27,4.6637621,1,yes,30,0,1,0
28656,0,-.5951643,23,26,2.2167034,0,yes,120,0,1,0
28656,1,-1.2852476,23,26,2.2167034,0,yes,120,0,1,0
29012,0,-.60245162,20,26,1.2744288,0,yes,40,0,0,0
29012,1,-1.0168248,20,26,1.2744288,0,yes,40,0,0,0
29030,0,.12247834,28,26,2.4293523,0,yes,180,1,0,0
29030,1,-.63500774,28,26,2.4293523,0,yes,180,1,0,0
29032,0,-.38984469,23,26,2.6952755,0,yes,120,1,0,1
29032,1,-.81309962,23,26,2.6952755,0,yes,120,1,0,1
29192,0,.69646132,29,26,3.8379033,0,yes,120,1,0,0
29192,1,.70516866,29,26,3.8379033,0,yes,120,1,0,0
29216,0,.40302351,26,26,2.9735067,0,yes,50,1,0,1
29216,1,-.73279583,26,26,2.9735067,0,yes,50,1,0,1
29218,0,.64942729,24,26,3.4329321,0,yes,30,0,0,0
29218,1,.070697851,24,26,3.4329321,0,yes,30,0,0,0
29230,0,.54962552,24,26,3.4854589,0,yes,70,0,0,1
29230,1,-.39090815,24,26,3.4854589,0,yes,70,0,0,1
29240,0,-.33761114,25,26,2.5492635,0,yes,170,1,0,0
29240,1,-1.1588095,25,26,2.5492635,0,yes,170,1,0,0
29558,0,.78929049,25,26,3.9397457,0,yes,80,1,1,0
29558,1,-1.1859994,25,26,3.9397457,0,yes,80,1,1,0
29594,0,.71894532,23,26,3.6993778,0,yes,120,0,0,0
29594,1,.36717793,23,26,3.6993778,0,yes,120,0,0,0
29626,0,-.92321765,23,26,3.5540123,0,yes,40,1,0,0
29626,1,-1.5729125,23,26,3.5540123,0,yes,40,1,0,0
29746,0,.68258446,23,25,2.9760733,0,yes,40,0,0,0
29746,1,.28460795,23,25,2.9760733,0,yes,40,0,0,0
29750,0,.099884346,22,25,2.7162199,0,yes,40,0,0,0
29750,1,-.47295791,22,25,2.7162199,0,yes,40,0,0,0
29770,0,.20676316,24,25,4.3264756,0,yes,35,0,0,0
29770,1,-1.5321171,24,25,4.3264756,0,yes,35,0,0,0
29790,0,.12976371,22,25,2.5431232,0,yes,120,0,0,0
29790,1,-.68007481,22,25,2.5431232,0,yes,120,0,0,0
29808,0,-.86989993,25,25,3.0939734,1,yes,32,1,1,1
29808,1,-.000025678088,25,25,3.0939734,1,yes,32,1,1,1
29838,0,-.55600321,26,25,3.9435601,1,yes,60,1,1,0
29838,1,-.71924561,26,25,3.9435601,1,yes,60,1,1,0
29964,0,.14262056,26,25,2.4840245,1,yes,160,0,1,0
29964,1,-.42161515,26,25,2.4840245,1,yes,160,0,1,0
30006,0,-.22568052,24,25,3.2888489,0,yes,60,0,0,1
30006,1,-.87182164,24,25,3.2888489,0,yes,60,0,0,1
30014,0,.16178729,30,25,4.3416367,0,yes,50,1,0,1
30014,1,.020806516,30,25,4.3416367,0,yes,50,1,0,1
30262,0,.60785532,25,25,3.5217209,0,yes,40,1,0,0
30262,1,-.16806374,25,25,3.5217209,0,yes,40,1,0,0
30276,0,-.40326834,21,25,3.1930234,0,yes,120,1,0,0
30276,1,-.20140523,21,25,3.1930234,0,yes,120,1,0,0
30308,0,.82326567,21,25,3.7130811,0,no,50,0,0,1
30308,1,.5719499,21,25,3.7130811,0,no,50,0,0,1
30398,0,-.54805017,26,25,2.4336476,0,yes,30,1,0,0
30398,1,-.41469941,26,25,2.4336476,0,yes,30,1,0,0
30448,0,-.45293245,23,25,3.5930345,0,yes,60,1,0,1
30448,1,-1.19633,23,25,3.5930345,0,yes,60,1,0,1
30634,0,.38734695,23,25,3.2355044,0,yes,30,1,0,0
30634,1,-1.1362245,23,25,3.2355044,0,yes,30,1,0,0
30972,0,-.67906117,27,24,2.8467743,0,yes,120,1,0,1
30972,1,-.38864043,27,24,2.8467743,0,yes,120,1,0,1
31206,0,-.20423296,22,24,2.49878,0,yes,180,1,0,0
31206,1,-.36465412,22,24,2.49878,0,yes,180,1,0,0
31230,0,.15558065,24,24,2.9393754,0,yes,200,0,1,1
31230,1,-.76511496,24,24,2.9393754,0,yes,200,0,1,1
31292,0,.7668246,27,24,3.6276512,0,yes,135,0,0,1
31292,1,1.1412451,27,24,3.6276512,0,yes,135,0,0,1
31796,0,.83750254,24,24,3.8672733,0,yes,120,0,1,1
31796,1,-.54856455,24,24,3.8672733,0,yes,120,0,1,1
31922,0,.33645469,26,23,2.7839034,0,yes,35,0,0,0
31922,1,-.15983465,26,23,2.7839034,0,yes,35,0,0,0
31936,0,-.28226873,25,23,2.4034512,0,yes,75,1,0,1
31936,1,-.17090698,25,23,2.4034512,0,yes,75,1,0,1
32590,0,-.59988534,28,23,2.6732466,0,yes,100,1,0,1
32590,1,-1.4817407,28,23,2.6732466,0,yes,100,1,0,1
33094,0,-1.2482141,23,22,3.1238844,0,yes,45,1,0,0
33094,1,-1.3077489,23,22,3.1238844,0,yes,45,1,0,0
33350,0,-.9045217,26,22,2.8910179,0,yes,120,1,0,1
33350,1,-.77840728,26,22,2.8910179,0,yes,120,1,0,1
33352,0,-1.4336709,20,22,1.8107578,0,yes,120,1,0,0
33352,1,-1.7872596,20,22,1.8107578,0,yes,120,1,0,0
33406,0,-.092345588,28,22,2.5894167,0,yes,60,0,0,0
33406,1,-1.0453409,28,22,2.5894167,0,yes,60,0,0,0
33410,0,-.14113751,25,22,2.6481922,1,yes,14,1,1,0
33410,1,-.99768186,25,22,2.6481922,1,yes,14,1,1,0
33874,0,-.11658895,22,22,2.8625379,0,yes,24,0,0,0
33874,1,-.42283911,22,22,2.8625379,0,yes,24,0,0,0
34396,0,-1.4470109,24,21,3.7040522,0,yes,40,0,0,0
34396,1,-1.1450118,24,21,3.7040522,0,yes,40,0,0,0
34526,0,-.42651108,27,21,2.3073802,1,yes,180,0,1,0
34526,1,-1.0275688,27,21,2.3073802,1,yes,180,0,1,0
34956,0,-.56146455,23,21,2.1504068,0,yes,16,0,0,0
34956,1,-1.3327494,23,21,2.1504068,0,yes,16,0,0,0
35344,0,.43649644,22,20,2.8727365,0,yes,60,0,0,1
35344,1,.80776411,22,20,2.8727365,0,yes,60,0,0,1
35760,0,-.81275809,24,20,3.7003267,0,yes,2.5999999,1,1,0
35760,1,-1.220034,24,20,3.7003267,0,yes,2.5999999,1,1,0
36032,0,-.05893892,22,19,2.3757291,0,yes,120,1,0,1
36032,1,.13813949,22,19,2.3757291,0,yes,120,1,0,1
36060,0,-.78179502,24,19,2.2917278,0,yes,35,0,0,0
36060,1,-.41646811,24,19,2.2917278,0,yes,35,0,0,0
36306,0,-.6215266,26,19,3.2344944,0,yes,80,1,0,1
36306,1,-.073541924,26,19,3.2344944,0,yes,80,1,0,1
36318,0,1.2799393,26,19,3.2498155,0,yes,120,0,0,0
36318,1,1.0159365,26,19,3.2498155,0,yes,120,0,0,0
36494,0,-.71516055,23,18,2.1946733,0,yes,40,0,0,1
36494,1,-.72132891,23,18,2.1946733,0,yes,40,0,0,1
36908,0,.36568537,23,15,2.7428231,0,yes,60,1,0,1
36908,1,.3903172,23,15,2.7428231,0,yes,60,1,0,1
37294,0,-.03769717,20,13,2.2425222,0,yes,80,0,0,1
37294,1,.47120082,20,13,2.2425222,0,yes,80,0,0,1
37296,0,-.1201145,29,13,2.5851912,0,yes,80,1,0,1
37296,1,-.58302444,29,13,2.5851912,0,yes,80,1,0,1
37784,0,.37780115,19,12,2.465909,0,yes,105,0,0,1
37784,1,.099304408,19,12,2.465909,0,yes,105,0,0,1
37804,0,-.023898713,21,12,2.4997599,0,yes,120,0,0,1
37804,1,-1.1362374,21,12,2.4997599,0,yes,120,0,0,1
37824,0,.34887341,19,12,2.687099,0,yes,20,0,0,0
37824,1,-.073081911,19,12,2.687099,0,yes,20,0,0,0
37840,0,-.20379853,18,12,1.98746,0,yes,30,1,0,1
37840,1,-.33444458,18,12,1.98746,0,yes,30,1,0,1
38018,0,.12782851,25,78,2.4711423,0,yes,120,0,0,1
38018,1,-.77836788,25,78,2.4711423,0,yes,120,0,0,1
38022,0,-.065893233,18,11,1.9928434,0,yes,20,0,0,1
38022,1,-.70219392,18,11,1.9928434,0,yes,20,0,0,1
38024,0,-.16710941,25,11,2.6940653,0,yes,40,1,0,0
38024,1,.94682163,25,11,2.6940653,0,yes,40,1,0,0
38028,0,1.2408035,21,11,4.081461,0,yes,20,1,0,1
38028,1,1.6351235,21,11,4.081461,0,yes,20,1,0,1
38030,0,-.38228357,27,11,2.2042091,0,yes,240,1,0,0
38030,1,-1.0235006,27,11,2.2042091,0,yes,240,1,0,0
38034,0,-.51667172,19,11,1.8545834,0,yes,40,1,0,0
38034,1,-1.2453079,19,11,1.8545834,0,yes,40,1,0,0
38038,0,-.062686689,35,11,3.7505789,1,yes,50,1,1,1
38038,1,-.31507087,35,11,3.7505789,1,yes,50,1,1,1
38040,0,.15841934,22,11,2.4195065,0,yes,120,0,1,1
38040,1,.11088655,22,11,2.4195065,0,yes,120,0,1,1
38042,0,-.49006405,20,11,2.1565979,0,yes,180,0,0,1
38042,1,-.94148272,20,11,2.1565979,0,yes,180,0,0,1
38052,0,.05756535,18,11,2.0711598,0,yes,90,0,0,1
38052,1,-.08543276,18,11,2.0711598,0,yes,90,0,0,1
38070,0,-.17907135,18,11,2.1282835,0,yes,180,0,0,1
38070,1,-.8491447,18,11,2.1282835,0,yes,180,0,0,1
38076,0,-.48474342,23,11,3.7066898,0,yes,60,1,0,0
38076,1,-.54460454,23,11,3.7066898,0,yes,60,1,0,0
38290,0,-.087636046,21,11,2.2940667,0,yes,20,0,0,1
38290,1,.31043136,21,11,2.2940667,0,yes,20,0,0,1
38566,0,.22880225,22,10,2.6179056,0,yes,300,0,1,1
38566,1,.6470803,22,10,2.6179056,0,yes,300,0,1,1
38580,0,.82021827,22,10,3.1737044,0,yes,150,0,0,1
38580,1,.87686503,22,10,3.1737044,0,yes,150,0,0,1
38712,0,.10436352,22,10,2.408632,0,yes,60,0,0,1
38712,1,.34279171,22,10,2.408632,0,yes,60,0,0,1
38868,0,.1628156,22,10,2.5090065,0,yes,93,1,0,0
38868,1,-.82208472,22,10,2.5090065,0,yes,93,1,0,0
38874,0,-.35031548,19,10,1.9677378,0,yes,240,1,0,0
38874,1,-.66343099,19,10,1.9677378,0,yes,240,1,0,0
38878,0,.63494962,25,10,2.7521698,0,yes,180,0,0,1
38878,1,.82852674,25,10,2.7521698,0,yes,180,0,0,1
38888,0,-.046171516,19,10,2.2233968,0,yes,240,0,0,0
38888,1,-.12053904,19,10,2.2233968,0,yes,240,0,0,0
38896,0,-.53018248,18,10,2.0856776,0,yes,20,0,0,0
38896,1,-.54123527,18,10,2.0856776,0,yes,20,0,0,0
38898,0,.1211164,22,10,2.3294411,0,yes,30,0,0,1
38898,1,.37091333,22,10,2.3294411,0,yes,30,0,0,1
39048,0,.22100209,22,10,2.6040044,0,yes,50,1,0,0
39048,1,-.6931107,22,10,2.6040044,0,yes,50,1,0,0
39094,0,-.33216351,22,10,2.432162,0,yes,60,1,0,0
39094,1,-1.0994827,22,10,2.432162,0,yes,60,1,0,0
39096,0,.23334491,25,10,2.4575953,0,yes,200,1,0,1
39096,1,.022200564,25,10,2.4575953,0,yes,200,1,0,1
39098,0,-.0036299881,22,10,2.4851246,0,yes,90,0,0,0
39098,1,-1.0216494,22,10,2.4851246,0,yes,90,0,0,0
39116,0,.39843991,18,10,2.3208389,0,yes,90,0,0,0
39116,1,.19990185,18,10,2.3208389,0,yes,90,0,0,0
39136,0,-.40298349,18,10,2.141531,0,yes,300,0,0,0
39136,1,-.56881392,18,10,2.141531,0,yes,300,0,0,0
39430,0,-.023632925,22,9,2.5638165,0,yes,150,0,0,0
39430,1,-.73197705,22,9,2.5638165,0,yes,150,0,0,0
39500,0,-.34726763,24,9,2.4607244,0,yes,110,1,0,0
39500,1,-.72484469,24,9,2.4607244,0,yes,110,1,0,0
39512,0,.2523199,19,9,2.7819822,0,yes,120,0,0,1
39512,1,.20290641,19,9,2.7819822,0,yes,120,0,0,1
39516,0,.39960328,23,9,2.7643232,0,yes,90,0,0,0
39516,1,.10740677,23,9,2.7643232,0,yes,90,0,0,0
39524,0,-.027632469,21,9,2.1915989,0,yes,20,1,0,0
39524,1,-.6448549,21,9,2.1915989,0,yes,20,1,0,0
39530,0,-.12125172,21,9,2.7322366,0,yes,180,0,0,1
39530,1,-1.3469224,21,9,2.7322366,0,yes,180,0,0,1
39540,0,1.1229138,20,9,3.392601,0,yes,180,1,0,0
39540,1,.091564082,20,9,3.392601,0,yes,180,1,0,0
39548,0,-.097418249,26,9,2.2523489,0,yes,120,0,0,1
39548,1,.0097517334,26,9,2.2523489,0,yes,120,0,0,1
39626,0,.38962492,21,9,2.5800779,0,yes,35,0,0,0
39626,1,.084330678,21,9,2.5800779,0,yes,35,0,0,0
39634,0,1.5389206,20,9,3.3516254,0,yes,28,0,0,1
39634,1,1.2433604,20,9,3.3516254,0,yes,28,0,0,1
39754,0,-.17670363,21,9,2.9838223,0,yes,40,1,0,0
39754,1,-1.022216,21,9,2.9838223,0,yes,40,1,0,0
39798,0,-.074847013,18,9,1.9838089,0,yes,30,1,0,0
39798,1,-.80254072,18,9,1.9838089,0,yes,30,1,0,0
39938,0,1.1988701,23,9,2.7840788,0,yes,60,0,0,0
39938,1,-.0027852955,23,9,2.7840788,0,yes,60,0,0,0
39942,0,-.64123964,28,9,2.2076132,1,yes,100,1,1,1
39942,1,.043762628,28,9,2.2076132,1,yes,100,1,1,1
39972,0,.15967765,23,9,2.5542045,0,yes,40,0,0,0
39972,1,.26440516,23,9,2.5542045,0,yes,40,0,0,0
39990,0,-.29207823,24,9,2.6146433,0,yes,40,1,0,1
39990,1,-.34643254,24,9,2.6146433,0,yes,40,1,0,1
40018,0,.017773999,22,9,2.4765911,0,yes,120,0,0,0
40018,1,-.24237356,22,9,2.4765911,0,yes,120,0,0,0
40062,0,.24164101,23,9,2.2496743,0,yes,170,0,1,1
40062,1,-.13622242,23,9,2.2496743,0,yes,170,0,1,1
40164,0,.56958377,22,8,2.7391,0,yes,180,0,0,1
40164,1,-.24900542,22,8,2.7391,0,yes,180,0,0,1
40192,0,.24561636,23,8,2.4117811,0,yes,180,1,0,1
40192,1,.24816018,23,8,2.4117811,0,yes,180,1,0,1
40316,0,.22923808,25,8,2.5293367,0,yes,60,0,0,1
40316,1,.48431841,25,8,2.5293367,0,yes,60,0,0,1
40318,0,.22499478,23,8,2.6573532,0,yes,60,0,0,0
40318,1,-.30943424,23,8,2.6573532,0,yes,60,0,0,0
40320,0,-1.1420957,25,8,3.1419656,1,yes,30,0,1,1
40320,1,-1.1892521,25,8,3.1419656,1,yes,30,0,1,1
40322,0,.14893954,24,8,2.4230156,0,yes,80,0,0,1
40322,1,.012786676,24,8,2.4230156,0,yes,80,0,0,1
40328,0,.94877285,22,8,2.8085544,0,yes,40,1,0,1
40328,1,.10535859,22,8,2.8085544,0,yes,40,1,0,1
40444,0,.66815186,34,8,4.5790925,1,yes,240,1,1,1
40444,1,.70670128,34,8,4.5790925,1,yes,240,1,1,1
40472,0,.48244968,25,8,2.7997401,0,yes,90,0,0,1
40472,1,.73661727,25,8,2.7997401,0,yes,90,0,0,1
40490,0,-.094636105,21,8,2.2997365,0,yes,200,1,0,1
40490,1,-.11804115,21,8,2.2997365,0,yes,200,1,0,1
41100,0,.14475405,23,7,2.6378334,0,yes,140,0,0,0
41100,1,.49711016,23,7,2.6378334,0,yes,140,0,0,0
41156,0,.4116751,20,7,2.4484098,0,yes,60,0,0,0
41156,1,-.704799,20,7,2.4484098,0,yes,60,0,0,0
41274,0,-.2319252,21,6,2.30598,0,yes,60,0,0,0
41274,1,-.71613008,21,6,2.30598,0,yes,60,0,0,0
41278,0,-.11688087,24,6,2.3615975,0,yes,20,0,0,0
41278,1,-.55369252,24,6,2.3615975,0,yes,20,0,0,0
41286,0,-.02529658,23,6,2.2320545,0,yes,60,1,0,1
41286,1,-.2232734,23,6,2.2320545,0,yes,60,1,0,1
41304,0,-.49294722,22,6,2.3107343,0,yes,2,1,0,0
41304,1,-.62548375,22,6,2.3107343,0,yes,2,1,0,0
41318,0,-1.2596043,22,6,2.8944988,0,yes,150,0,0,1
41318,1,-.012958862,22,6,2.8944988,0,yes,150,0,0,1
41320,0,-.31906465,22,6,2.0357277,0,yes,160,1,0,1
41320,1,-.61005628,22,6,2.0357277,0,yes,160,1,0,1
41334,0,-.25285846,23,6,2.3744655,0,yes,120,0,0,0
41334,1,-.19123812,23,6,2.3744655,0,yes,120,0,0,0
41340,0,-.2806561,25,6,2.0534735,0,yes,60,1,1,0
41340,1,.29902825,25,6,2.0534735,0,yes,60,1,1,0
41344,0,-.37351438,24,6,2.2516668,0,yes,40,1,0,0
41344,1,-.42296723,24,6,2.2516668,0,yes,40,1,0,0
41818,0,-.12134121,23,6,1.5676389,0,yes,40,0,0,1
41818,1,-.42926973,23,6,1.5676389,0,yes,40,0,0,1
42098,0,-.044321816,21,5,2.1436677,0,yes,20,0,0,0
42098,1,-1.0122516,21,5,2.1436677,0,yes,20,0,0,0
42104,0,-.33475247,21,5,2.0368733,0,yes,20,0,0,1
42104,1,-.49606562,21,5,2.0368733,0,yes,20,0,0,1
42108,0,.33541527,23,5,2.180999,0,yes,165,1,0,1
42108,1,.44714886,23,5,2.180999,0,yes,165,1,0,1
42112,0,-.14875236,22,5,2.2019689,0,yes,60,1,0,0
42112,1,.098750725,22,5,2.2019689,0,yes,60,1,0,0
42308,0,-.11561139,23,5,2.1777735,0,yes,190,0,1,1
42308,1,-.59001195,23,5,2.1777735,0,yes,190,0,1,1
42350,0,-.096313052,27,5,2.1230488,0,yes,90,1,1,0
42350,1,-.012373146,27,5,2.1230488,0,yes,90,1,1,0
42584,0,-1.6277931,21,4,2.4338334,0,yes,25,0,0,0
42584,1,-1.6331452,21,4,2.4338334,0,yes,25,0,0,0
42592,0,.042018514,23,4,2.1660967,0,yes,120,0,0,1
42592,1,-.21126534,23,4,2.1660967,0,yes,120,0,0,1
42594,0,-.31454426,20,4,2.0382111,0,yes,90,0,0,0
42594,1,-.4029415,20,4,2.0382111,0,yes,90,0,0,0
42618,0,-.95753944,22,4,2.4991667,0,yes,30,1,0,1
42618,1,-1.071727,22,4,2.4991667,0,yes,30,1,0,1
42624,0,.32374704,23,4,2.1169591,0,yes,180,0,0,1
42624,1,.6852777,23,4,2.1169591,0,yes,180,0,0,1
42628,0,-.37955287,22,4,2.6698179,0,yes,140,1,0,1
42628,1,-.03881922,22,4,2.6698179,0,yes,140,1,0,1
43254,0,-.077869602,21,3,2.0256157,0,yes,120,0,0,0
43254,1,1.1274533,21,3,2.0256157,0,yes,120,0,0,0
43264,0,-1.1921372,22,3,2.1834314,0,yes,210,1,0,1
43264,1,-.73621076,22,3,2.1834314,0,yes,210,1,0,1
43270,0,-.98646373,25,3,2.6007185,0,yes,180,0,0,1
43270,1,-1.0688424,25,3,2.6007185,0,yes,180,0,0,1
43278,0,-.3989113,23,3,1.8964972,0,yes,120,0,0,1
43278,1,-.10568639,23,3,1.8964972,0,yes,120,0,0,1
43280,0,.13146006,22,3,2.16099,0,yes,20,0,0,0
43280,1,.62932831,22,3,2.16099,0,yes,20,0,0,0
43286,0,-.066075318,20,3,2.3404601,0,yes,20,0,0,1
43286,1,-.078662932,20,3,2.3404601,0,yes,20,0,0,1
43288,0,-1.0929021,21,3,2.3061087,0,yes,105,1,0,1
43288,1,-1.4889405,21,3,2.3061087,0,yes,105,1,0,1
43514,0,-1.1782786,23,3,2.4673429,0,yes,80,1,0,0
43514,1,-1.2544004,23,3,2.4673429,0,yes,80,1,0,0
43520,0,-.4932391,23,3,1.6894429,0,yes,80,1,0,0
43520,1,-1.1976695,23,3,1.6894429,0,yes,80,1,0,0
43528,0,-1.468038,22,3,2.0830257,0,yes,120,1,0,0
43528,1,-1.7850519,22,3,2.0830257,0,yes,120,1,0,0
43534,0,-.63946182,23,3,2.3380985,0,yes,180,1,0,1
43534,1,-.1849664,23,3,2.3380985,0,yes,180,1,0,1
43538,0,-.52250844,27,4,2.2302721,1,yes,90,0,1,0
43538,1,-1.0220517,27,4,2.2302721,1,yes,90,0,1,0
43542,0,-.27729517,28,4.5,1.9261174,1,yes,30,0,1,0
43542,1,-.79977494,28,4.5,1.9261174,1,yes,30,0,1,0
43556,0,.28246206,26,3.5,2.3313868,0,yes,40,0,1,0
43556,1,-.75359112,26,3.5,2.3313868,0,yes,40,0,1,0
43926,0,-.6409058,22,3,2.8931179,0,yes,50,1,0,1
43926,1,-.62675142,22,3,2.8931179,0,yes,50,1,0,1
43952,0,.071959049,24,3,2.2289779,0,yes,140,0,0,0
43952,1,-1.0274526,24,3,2.2289779,0,yes,140,0,0,0
44266,0,-1.1966077,19,2.5,2.1462648,0,yes,55,1,0,1
44266,1,-.7820183,19,2.5,2.1462648,0,yes,55,1,0,1
44408,0,-.33302879,22,2.5,1.6431301,0,yes,180,0,0,1
44408,1,.41094193,22,2.5,1.6431301,0,yes,180,0,0,1
44782,0,-.13177224,23,2,2.7881098,0,yes,60,1,0,1
44782,1,.057903696,23,2,2.7881098,0,yes,60,1,0,1
44784,0,-.74381763,31,2,2.4996901,0,yes,30,1,0,1
44784,1,-.51251823,31,2,2.4996901,0,yes,30,1,0,1
45238,0,-.044172138,22,2,1.6785461,0,yes,40,1,0,1
45238,1,.69491816,22,2,1.6785461,0,yes,40,1,0,1
47274,0,-.89072782,24,25,1.989655,0,yes,40,1,0,0
47274,1,-.40864393,24,25,1.989655,0,yes,40,1,0,0
